0.917716920375824	-0.2631383538246155	-0.8304647207260132	-1.1277979612350464	0.37690794467926025	0.7623095512390137	-0.7124788165092468	0.5188546776771545	-0.3979174792766571	0.6960455775260925	1.4325804710388184	-1.0662095546722412	1.1757210493087769	-1.1559059619903564
-1.782240390777588	0.31875982880592346	0.5195391774177551	0.937655508518219	-0.3540189862251282	-0.49478620290756226	-0.1596796065568924	0.9641697406768799	-1.1689718961715698	0.4380605220794678	-1.0331190824508667	0.46243423223495483	-0.39814698696136475	-1.2297121286392212
0.35650813579559326	0.8581243753433228	1.374495506286621	1.1015729904174805	1.190783977508545	1.141607642173767	-0.05836743116378784	-0.017131589353084564	-0.5691266655921936	1.4342328310012817	-1.1356098651885986	-1.2025429010391235	0.08144637197256088	-1.1494956016540527
-0.32757747173309326	0.4399714171886444	-0.38730117678642273	0.22918635606765747	-1.615135669708252	-1.229893684387207	1.3935350179672241	0.5816418528556824	-0.12712053954601288	0.2132926732301712	0.08025246113538742	-0.00752891693264246	-0.6180639863014221	-0.13222883641719818
0.9997130632400513	0.39420366287231445	0.008821369148790836	0.5417184829711914	-0.8109952211380005	-0.5549229383468628	1.0095314979553223	-0.20553085207939148	0.4328322112560272	0.09758074581623077	-0.36023035645484924	-0.11446280777454376	-2.0472044944763184	1.3368849754333496
-1.4380892515182495	-0.018557259812951088	-0.37326544523239136	-0.8704854249954224	0.6077362298965454	-0.7639870047569275	-0.685667872428894	-0.5082241296768188	-1.9069819450378418	-1.9741575717926025	0.9714164733886719	0.7942618131637573	-0.9298762083053589	-2.714235544204712
1.6364684104919434	1.1177995204925537	0.19834457337856293	1.1651300191879272	-0.07140589505434036	0.6736670136451721	-1.432410717010498	-0.8002687096595764	-0.6043474674224854	1.9865303039550781	1.0346444845199585	-3.28739857673645	0.8971660137176514	-0.6162484288215637
1.785871982574463	-0.5902416110038757	0.4341920018196106	-1.146492838859558	-0.8842304944992065	-0.16334545612335205	-1.687471628189087	0.31620100140571594	0.3231412172317505	-3.144383192062378	-0.789901852607727	0.26564913988113403	0.032505638897418976	-0.33625638484954834
0.4542168378829956	1.0130629539489746	2.0786659717559814	1.3063753843307495	0.021875733509659767	1.5194905996322632	-0.7028474807739258	0.31780701875686646	0.06212320178747177	0.4818652868270874	1.1997976303100586	0.18309098482131958	-1.8224408626556396	0.17541639506816864
-0.476561963558197	-1.0988329648971558	0.7589752674102783	0.1916494220495224	-0.5207171440124512	0.011432391591370106	-0.21458329260349274	1.0496783256530762	-0.5734773874282837	-1.9704242944717407	-0.009574688971042633	-0.7715365290641785	-0.2929763197898865	-1.1493664979934692
0.9727055430412292	-1.2543805837631226	-0.40415269136428833	1.7024372816085815	-1.1754695177078247	-0.3482321500778198	-0.19857749342918396	-0.5666266679763794	0.653163731098175	0.7002289891242981	0.26498934626579285	-0.42214536666870117	-0.5783337950706482	-0.05550740659236908
-0.7053200006484985	0.9477633833885193	-0.85737144947052	-0.46251434087753296	1.5324853658676147	0.5855832099914551	-0.25560328364372253	1.5518593788146973	0.8545771837234497	-0.10672648996114731	2.262575149536133	0.6117042303085327	2.328582525253296	1.6988693475723267
-0.9110620617866516	0.6404422521591187	-0.8276182413101196	-1.2952708005905151	1.0814763307571411	0.3056514263153076	-0.1098610907793045	0.6984982490539551	0.6015214920043945	-0.7461560964584351	-0.5142282247543335	-0.4370706379413605	1.9587377309799194	0.3613741397857666
0.16754694283008575	1.1613376140594482	0.23266372084617615	-0.28900253772735596	0.05412181094288826	0.7925268411636353	1.9492969512939453	-0.2738286554813385	-1.7885836362838745	-0.6358115077018738	0.10106901079416275	-0.07952756434679031	-0.18789194524288177	0.4758457541465759
-0.1677914708852768	0.3492617607116699	-1.13557767868042	0.5398165583610535	0.7512528896331787	-0.9115626215934753	-1.581418752670288	0.4276358485221863	1.1473809480667114	0.5311598181724548	-0.5564101338386536	0.2695596218109131	1.073968768119812	2.088402509689331
0.23549850285053253	1.061466097831726	-0.9449031352996826	0.6267227530479431	-0.26058346033096313	2.3662073612213135	0.39124596118927	-1.0422428846359253	0.39109620451927185	-0.5560932755470276	-0.25647324323654175	-1.2232890129089355	0.6836583018302917	-0.8960875272750854
0.64077228307724	0.1500099152326584	-2.2695858478546143	0.7209307551383972	1.4323430061340332	0.8257949948310852	0.4005260169506073	0.22898490726947784	1.5318562984466553	-1.0039088726043701	0.2793051302433014	1.3990421295166016	0.1424836814403534	-0.1424729824066162
0.628188967704773	-1.8410288095474243	0.7890772223472595	1.8836807012557983	-0.6885751485824585	1.2787325382232666	1.2669373750686646	-1.7643001079559326	-0.8728624582290649	1.6358424425125122	-0.32996878027915955	0.8930734395980835	0.1105656698346138	-0.4045274555683136
1.0790588855743408	0.5817485451698303	0.47242826223373413	0.20082512497901917	-1.191949725151062	-1.9471327066421509	0.8497762680053711	-0.12491064518690109	-1.434077501296997	0.6996938586235046	0.29800039529800415	-0.3890475332736969	0.16548821330070496	-1.112347960472107
-0.004420630633831024	-0.1750604659318924	1.0566667318344116	-1.56686532497406	2.609983205795288	0.5313263535499573	1.5413329601287842	-0.8516700863838196	-0.6990839838981628	0.1426861435174942	-0.1309804618358612	-1.345329761505127	0.9455085396766663	-0.7690168619155884
1.785688877105713	0.432950496673584	0.3943433165550232	-1.5404857397079468	1.6629377603530884	0.688765823841095	-1.1917093992233276	0.04250761494040489	1.2016125917434692	0.48388585448265076	-1.0433498620986938	1.355914831161499	-1.7049537897109985	-0.4432832598686218
0.6043593287467957	-0.4821696877479553	0.3836069405078888	0.3403129279613495	-0.2801834046840668	-0.833587110042572	0.4204907715320587	0.20572087168693542	0.002189400838688016	0.6785372495651245	-0.013845310546457767	-0.3692358434200287	-0.3461657464504242	-0.7746139168739319
0.3451513350009918	1.099316954612732	0.07878109067678452	-0.7223066091537476	-2.979355812072754	-1.5145323276519775	-0.3552945554256439	-1.0634974241256714	0.42009878158569336	0.6750597953796387	-0.12652118504047394	0.4145924746990204	0.738540768623352	-1.6525306701660156
1.5111956596374512	-0.8215381503105164	-1.503350853919983	0.514454185962677	0.599498987197876	0.8255360126495361	0.30257904529571533	-0.2857211232185364	-0.4402424991130829	-0.5431029796600342	1.1397757530212402	0.48560887575149536	1.3077435493469238	-2.290661334991455
1.1837644577026367	-1.422953724861145	-1.3368586301803589	0.7263779044151306	1.2606606483459473	1.1605497598648071	2.4195010662078857	0.9033598899841309	1.4079707860946655	1.0411261320114136	0.5615930557250977	-0.8063778281211853	-0.10591048002243042	-0.12600158154964447
1.7315114736557007	1.22251296043396	-1.3998470306396484	0.8883191347122192	0.8533388376235962	-0.6099083423614502	-2.7589733600616455	0.9615327715873718	-1.617330551147461	0.7158989310264587	-0.8647555708885193	-1.6507800817489624	0.2521791458129883	0.6149097084999084
0.6774896383285522	-0.6299214959144592	-0.029238320887088776	-0.8831493854522705	-2.5760951042175293	0.9327079653739929	0.20415422320365906	-0.16351930797100067	0.07899141311645508	-1.031127691268921	2.325486660003662	-1.021026611328125	0.34526148438453674	-1.7463191747665405
-0.1742296814918518	0.9933866858482361	-0.5790091156959534	1.1750690937042236	-0.06812192499637604	-0.24224340915679932	1.4324895143508911	-0.30312541127204895	-1.0325024127960205	1.4396114349365234	-0.9924689531326294	-1.2200943231582642	0.6284115314483643	-1.0228544473648071
1.0663905143737793	-0.304935097694397	-2.1026623249053955	-0.6667194366455078	0.30938971042633057	0.3399769365787506	-1.7829325199127197	0.7257704734802246	-0.4946978986263275	-0.0758318305015564	-1.6204367876052856	0.28585293889045715	1.4774634838104248	-0.7367997765541077
0.6619455218315125	-2.308577060699463	0.6982513070106506	1.7958524227142334	-0.68808913230896	-2.925900936126709	1.1702133417129517	1.864682674407959	-2.3895745277404785	1.5105794668197632	-0.8026833534240723	-0.12300320714712143	-0.9080883264541626	1.2305870056152344
-0.28322234749794006	-0.4336794316768646	-0.8710126280784607	-0.5665795207023621	0.6507008075714111	1.4276604652404785	0.11851093918085098	-0.17192129790782928	0.5351952910423279	1.0934001207351685	0.2906222641468048	1.0351579189300537	0.17533162236213684	0.44579869508743286
1.9859215021133423	0.23263482749462128	-1.7094368934631348	-0.7245162129402161	-0.9501900672912598	0.6863968372344971	-0.7259299159049988	0.028103362768888474	1.1238975524902344	0.7576482892036438	-1.0222573280334473	-1.6667571067810059	-1.3391793966293335	1.0205820798873901
0.9234927892684937	-0.8225831389427185	-1.0409454107284546	-1.2114958763122559	-0.29768362641334534	-0.5894794464111328	0.3842509686946869	0.612594723701477	-1.297870397567749	0.8483309745788574	-2.380553960800171	0.11278318613767624	0.4063916504383087	-0.33504465222358704
-1.0116233825683594	-0.019175928086042404	1.293023705482483	-0.4521567225456238	2.055537223815918	0.7575532793998718	-1.3051824569702148	1.4133394956588745	0.7025454640388489	-0.18440090119838715	0.3544813096523285	0.10436142981052399	0.566686749458313	1.0669642686843872
-0.13430656492710114	0.5832096934318542	-0.9730008840560913	0.6075621247291565	-0.08152483403682709	-1.452086329460144	-0.511963427066803	-0.4948692321777344	2.931994915008545	-0.2863333821296692	-1.4325398206710815	0.6233853697776794	0.8821763396263123	-0.14933398365974426
0.8330745697021484	-1.1996153593063354	0.11102323979139328	-0.6839131116867065	-0.5731463432312012	-0.6114420890808105	-1.6955736875534058	-1.1142867803573608	0.5660353302955627	0.1567477285861969	-0.8845891356468201	-0.4400678277015686	0.7620300054550171	0.12997114658355713
-0.4540102183818817	-1.0922136306762695	-0.4125186502933502	-0.28388288617134094	-1.0280709266662598	0.8764820694923401	-0.3908587396144867	-0.17538706958293915	-0.48287180066108704	1.6754590272903442	-0.016141081228852272	-0.802676260471344	0.4787631928920746	-0.1688767373561859
-1.8541265726089478	0.343094140291214	0.13184823095798492	1.7548530101776123	-0.2855367362499237	-2.510777473449707	-1.0067050457000732	-0.5470705628395081	1.4270713329315186	0.3212084174156189	-0.817205548286438	-0.429389089345932	0.2918923497200012	-0.13236777484416962
0.6953431963920593	-1.193412184715271	0.2193426787853241	0.9712368249893188	2.829451560974121	-2.371581792831421	0.20663245022296906	-0.42576780915260315	0.41977816820144653	-0.060266703367233276	-0.8929266929626465	-0.3782620429992676	0.064311183989048	-2.000818967819214
-0.23500163853168488	1.0478315353393555	-0.19415588676929474	0.27933695912361145	0.8311758041381836	0.4482240378856659	-1.2376374006271362	-0.8078844547271729	-0.25651583075523376	0.4350152611732483	-0.6115407943725586	-0.9191997051239014	-1.0007423162460327	0.7363770008087158
-1.4902392625808716	-0.3281615078449249	-0.3512212038040161	0.922679603099823	0.38798630237579346	-0.06601490080356598	1.983672857284546	1.1428704261779785	0.23366305232048035	0.616467297077179	-0.10045072436332703	-0.38714131712913513	0.21634286642074585	-1.5570402145385742
-0.3094727098941803	0.8779659867286682	0.4677940309047699	0.04060950130224228	0.801129937171936	1.639953851699829	0.020442890003323555	0.018091345205903053	-1.1932581663131714	1.765480875968933	0.6606552004814148	0.8911696076393127	0.4903731346130371	-0.5447412729263306
-0.7742559313774109	-0.32649484276771545	0.24625618755817413	-0.33522436022758484	-1.5688618421554565	0.0002612996904645115	-0.19911335408687592	-0.9719189405441284	1.8672257661819458	-1.9524966478347778	0.2763393521308899	-1.59480881690979	-1.2525744438171387	-0.12342557311058044
0.3067321181297302	-0.6763878464698792	0.3201860189437866	-0.631457507610321	1.086093544960022	0.8906742930412292	-1.9796422719955444	0.29446980357170105	0.9632896780967712	-0.15724073350429535	1.876574158668518	-1.1640228033065796	-0.004087531939148903	-1.4819201231002808
1.1390089988708496	-1.4725620746612549	-0.043497562408447266	0.5358769297599792	-0.6968174576759338	-0.2558300197124481	1.8592270612716675	0.9070197343826294	-0.26502954959869385	0.13903434574604034	0.8109589219093323	1.0869946479797363	-0.38831815123558044	-0.3017626106739044
0.5037754774093628	-0.6500681638717651	1.3696457147598267	0.38001924753189087	0.4956108629703522	0.0758279338479042	-1.6505088806152344	-0.4299250543117523	-0.7902764678001404	0.5366851687431335	-0.13613848388195038	-0.24143436551094055	-0.9393966197967529	-0.7043497562408447
-0.0662127286195755	0.28365558385849	-0.03143298998475075	0.6035196781158447	0.046056248247623444	-0.06488248705863953	-0.17350459098815918	-0.07660041004419327	-0.778014063835144	0.7868258953094482	-0.03172299265861511	0.4677003026008606	0.3242545425891876	1.975340723991394
-0.4813571274280548	0.25989797711372375	-0.24212132394313812	-0.0025913577992469072	0.21698452532291412	0.06509361416101456	-1.092219591140747	1.6928924322128296	1.1771236658096313	0.31247231364250183	-0.6623491644859314	-1.475957989692688	0.28668010234832764	0.8477574586868286
1.1954565048217773	1.2012214660644531	0.3933534622192383	-1.3977901935577393	-0.3652617037296295	1.5633009672164917	0.9135516285896301	-0.1522642821073532	0.5477312803268433	-0.3027579188346863	0.42836761474609375	0.18105272948741913	0.9202545881271362	0.27195021510124207
0.47677797079086304	-0.42636919021606445	-0.7912851572036743	0.8830719590187073	-0.9166303873062134	0.8395916223526001	-0.7149230241775513	1.2383794784545898	-1.2806522846221924	-0.36808687448501587	0.19319909811019897	-0.042439255863428116	0.8525771498680115	2.145725727081299
-0.7909640073776245	-0.05235147103667259	1.3705476522445679	1.950084924697876	0.2704674005508423	-0.47841671109199524	0.8190599083900452	0.6047816872596741	0.6665627956390381	2.338327646255493	1.1732426881790161	-0.8828573822975159	0.6764647960662842	-0.25977492332458496
